{"cameraMode":{"drawMode":0,"name":"Shaded","section":"Shading Mode"},"sceneLighting":true,"audioPlay":false,"sceneViewState":{"showFog":false,"showMaterialUpdate":false,"showSkybox":false,"showFlares":false,"showImageEffects":false,"showParticleSystems":true},"in2DMode":false,"pivot":{"x":55.94032287597656,"y":-244.3167724609375,"z":407.4678649902344},"rotation":{"x":0.4473617672920227,"y":0.004518488887697458,"z":-0.0022608139552176,"w":0.894338846206665},"size":319.9087829589844,"orthographic":false}